AED_ID,SiteID,Site_Name,Shortname,Easting,Northing,Latitude,Longitude,AgencyID,Agency_Name,Type_Data,Type_Station,Station_Status,InCS,Program
ga_251/CSV001,251/CSV001,251/CSV001,251/CSV001,-1,-1,-32.249583,115.722033,GA,Geoscience Australia,WQ_sed,Sediment cores,,,GA-CS251
ga_251/CSV002,251/CSV002,251/CSV002,251/CSV002,-1,-1,-32.249217,115.72855,GA,Geoscience Australia,WQ_sed,Sediment cores,,,GA-CS251
ga_251/CSV003,251/CSV003,251/CSV003,251/CSV003,-1,-1,-32.249467,115.752783,GA,Geoscience Australia,WQ_sed,Sediment cores,,,GA-CS251
ga_251/CSV004,251/CSV004,251/CSV004,251/CSV004,-1,-1,-32.200233,115.68615,GA,Geoscience Australia,WQ_sed,Sediment cores,,,GA-CS251
ga_251/CSV005,251/CSV005,251/CSV005,251/CSV005,-1,-1,-32.200033,115.711783,GA,Geoscience Australia,WQ_sed,Sediment cores,,,GA-CS251
ga_251/CSV006,251/CSV006,251/CSV006,251/CSV006,-1,-1,-32.200167,115.741017,GA,Geoscience Australia,WQ_sed,Sediment cores,,,GA-CS251
ga_251/CSV007,251/CSV007,251/CSV007,251/CSV007,-1,-1,-32.200267,115.687417,GA,Geoscience Australia,WQ_sed,Sediment cores,,,GA-CS251
ga_251/CSV008,251/CSV008,251/CSV008,251/CSV008,-1,-1,-32.165967,115.705133,GA,Geoscience Australia,WQ_sed,Sediment cores,,,GA-CS251
ga_251/CSV009,251/CSV009,251/CSV009,251/CSV009,-1,-1,-32.144517,115.697833,GA,Geoscience Australia,WQ_sed,Sediment cores,,,GA-CS251
ga_251/CSV010,251/CSV010,251/CSV010,251/CSV010,-1,-1,-32.145117,115.727,GA,Geoscience Australia,WQ_sed,Sediment cores,,,GA-CS251
ga_251/CSV012,251/CSV012,251/CSV012,251/CSV012,-1,-1,-32.105017,115.689167,GA,Geoscience Australia,WQ_sed,Sediment cores,,,GA-CS251
ga_251/CSV013,251/CSV013,251/CSV013,251/CSV013,-1,-1,-32.249433,115.749633,GA,Geoscience Australia,WQ_sed,Sediment cores,,,GA-CS251
ga_251/CSG002,251/CSG002,251/CSG002,251/CSG002,-1,-1,-32.24925,115.72852,GA,Geoscience Australia,WQ_sed,Sediment grab (Bulk surface chemistry),,,GA-CS251
ga_251/CSG009,251/CSG009,251/CSG009,251/CSG009,-1,-1,-32.14448,115.69782,GA,Geoscience Australia,WQ_sed,Sediment grab (Bulk surface chemistry),,,GA-CS251
ga_251/CSG011,251/CSG011,251/CSG011,251/CSG011,-1,-1,-32.10757,115.71218,GA,Geoscience Australia,WQ_sed,Sediment grab (Bulk surface chemistry),,,GA-CS251
ga_251/CSG013,251/CSG013,251/CSG013,251/CSG013,-1,-1,-32.24944,115.74963,GA,Geoscience Australia,WQ_sed,Sediment grab (Bulk surface chemistry),,,GA-CS251
ga_251/CSG014,251/CSG014,251/CSG014,251/CSG014,-1,-1,-32.24872,115.72663,GA,Geoscience Australia,WQ_sed,Sediment grab (Bulk surface chemistry),,,GA-CS251
ga_251/CSG015,251/CSG015,251/CSG015,251/CSG015,-1,-1,-32.24864,115.73367,GA,Geoscience Australia,WQ_sed,Sediment grab (Bulk surface chemistry),,,GA-CS251
ga_251/CSG016,251/CSG016,251/CSG016,251/CSG016,-1,-1,-32.24852,115.73791,GA,Geoscience Australia,WQ_sed,Sediment grab (Bulk surface chemistry),,,GA-CS251
ga_251/CSG017,251/CSG017,251/CSG017,251/CSG017,-1,-1,-32.24868,115.74397,GA,Geoscience Australia,WQ_sed,Sediment grab (Bulk surface chemistry),,,GA-CS251
ga_251/CSG018,251/CSG018,251/CSG018,251/CSG018,-1,-1,-32.24825,115.74839,GA,Geoscience Australia,WQ_sed,Sediment grab (Bulk surface chemistry),,,GA-CS251
ga_251/CSG019,251/CSG019,251/CSG019,251/CSG019,-1,-1,-32.23612,115.74957,GA,Geoscience Australia,WQ_sed,Sediment grab (Bulk surface chemistry),,,GA-CS251
ga_251/CSG020,251/CSG020,251/CSG020,251/CSG020,-1,-1,-32.23188,115.74872,GA,Geoscience Australia,WQ_sed,Sediment grab (Bulk surface chemistry),,,GA-CS251
ga_251/CSG021,251/CSG021,251/CSG021,251/CSG021,-1,-1,-32.22433,115.75237,GA,Geoscience Australia,WQ_sed,Sediment grab (Bulk surface chemistry),,,GA-CS251
ga_251/CSG022,251/CSG022,251/CSG022,251/CSG022,-1,-1,-32.22484,115.74942,GA,Geoscience Australia,WQ_sed,Sediment grab (Bulk surface chemistry),,,GA-CS251
ga_251/CSG023,251/CSG023,251/CSG023,251/CSG023,-1,-1,-32.21853,115.74693,GA,Geoscience Australia,WQ_sed,Sediment grab (Bulk surface chemistry),,,GA-CS251
ga_251/CSG024,251/CSG024,251/CSG024,251/CSG024,-1,-1,-32.21223,115.74636,GA,Geoscience Australia,WQ_sed,Sediment grab (Bulk surface chemistry),,,GA-CS251
ga_251/CSG025,251/CSG025,251/CSG025,251/CSG025,-1,-1,-32.21188,115.74967,GA,Geoscience Australia,WQ_sed,Sediment grab (Bulk surface chemistry),,,GA-CS251
ga_251/CSG026,251/CSG026,251/CSG026,251/CSG026,-1,-1,-32.20799,115.74418,GA,Geoscience Australia,WQ_sed,Sediment grab (Bulk surface chemistry),,,GA-CS251
ga_251/CSG027,251/CSG027,251/CSG027,251/CSG027,-1,-1,-32.14492,115.67843,GA,Geoscience Australia,WQ_sed,Sediment grab (Bulk surface chemistry),,,GA-CS251
ga_251/CSG028,251/CSG028,251/CSG028,251/CSG028,-1,-1,-32.14409,115.68877,GA,Geoscience Australia,WQ_sed,Sediment grab (Bulk surface chemistry),,,GA-CS251
ga_251/CSG029,251/CSG029,251/CSG029,251/CSG029,-1,-1,-32.14446,115.6943,GA,Geoscience Australia,WQ_sed,Sediment grab (Bulk surface chemistry),,,GA-CS251
ga_251/CSG030,251/CSG030,251/CSG030,251/CSG030,-1,-1,-32.14442,115.71109,GA,Geoscience Australia,WQ_sed,Sediment grab (Bulk surface chemistry),,,GA-CS251
ga_251/CSG031,251/CSG031,251/CSG031,251/CSG031,-1,-1,-32.14442,115.72243,GA,Geoscience Australia,WQ_sed,Sediment grab (Bulk surface chemistry),,,GA-CS251
ga_251/CSG032,251/CSG032,251/CSG032,251/CSG032,-1,-1,-32.14359,115.73295,GA,Geoscience Australia,WQ_sed,Sediment grab (Bulk surface chemistry),,,GA-CS251
ga_251/CSG033,251/CSG033,251/CSG033,251/CSG033,-1,-1,-32.14375,115.7398,GA,Geoscience Australia,WQ_sed,Sediment grab (Bulk surface chemistry),,,GA-CS251
ga_251/CSG034,251/CSG034,251/CSG034,251/CSG034,-1,-1,-32.14897,115.72898,GA,Geoscience Australia,WQ_sed,Sediment grab (Bulk surface chemistry),,,GA-CS251
ga_251/CSG035,251/CSG035,251/CSG035,251/CSG035,-1,-1,-32.15512,115.71576,GA,Geoscience Australia,WQ_sed,Sediment grab (Bulk surface chemistry),,,GA-CS251
ga_251/CSG036,251/CSG036,251/CSG036,251/CSG036,-1,-1,-32.16076,115.70368,GA,Geoscience Australia,WQ_sed,Sediment grab (Bulk surface chemistry),,,GA-CS251
ga_251/CSG037,251/CSG037,251/CSG037,251/CSG037,-1,-1,-32.16652,115.69162,GA,Geoscience Australia,WQ_sed,Sediment grab (Bulk surface chemistry),,,GA-CS251
ga_251/CSG038,251/CSG038,251/CSG038,251/CSG038,-1,-1,-32.17276,115.68047,GA,Geoscience Australia,WQ_sed,Sediment grab (Bulk surface chemistry),,,GA-CS251
ga_251/CSG039,251/CSG039,251/CSG039,251/CSG039,-1,-1,-32.1736,115.68314,GA,Geoscience Australia,WQ_sed,Sediment grab (Bulk surface chemistry),,,GA-CS251
ga_251/CSG040,251/CSG040,251/CSG040,251/CSG040,-1,-1,-32.17487,115.68714,GA,Geoscience Australia,WQ_sed,Sediment grab (Bulk surface chemistry),,,GA-CS251
ga_251/CSG041,251/CSG041,251/CSG041,251/CSG041,-1,-1,-32.17759,115.6961,GA,Geoscience Australia,WQ_sed,Sediment grab (Bulk surface chemistry),,,GA-CS251
ga_251/CSG042,251/CSG042,251/CSG042,251/CSG042,-1,-1,-32.18152,115.70782,GA,Geoscience Australia,WQ_sed,Sediment grab (Bulk surface chemistry),,,GA-CS251
ga_251/CSG043,251/CSG043,251/CSG043,251/CSG043,-1,-1,-32.18381,115.71585,GA,Geoscience Australia,WQ_sed,Sediment grab (Bulk surface chemistry),,,GA-CS251
ga_251/CSG044,251/CSG044,251/CSG044,251/CSG044,-1,-1,-32.18708,115.72842,GA,Geoscience Australia,WQ_sed,Sediment grab (Bulk surface chemistry),,,GA-CS251
ga_251/CSG045,251/CSG045,251/CSG045,251/CSG045,-1,-1,-32.19193,115.74025,GA,Geoscience Australia,WQ_sed,Sediment grab (Bulk surface chemistry),,,GA-CS251
ga_251/CSG046,251/CSG046,251/CSG046,251/CSG046,-1,-1,-32.19335,115.74303,GA,Geoscience Australia,WQ_sed,Sediment grab (Bulk surface chemistry),,,GA-CS251
ga_251/CSG047,251/CSG047,251/CSG047,251/CSG047,-1,-1,-32.19488,115.74632,GA,Geoscience Australia,WQ_sed,Sediment grab (Bulk surface chemistry),,,GA-CS251
ga_251/CSG048,251/CSG048,251/CSG048,251/CSG048,-1,-1,-32.19999,115.75325,GA,Geoscience Australia,WQ_sed,Sediment grab (Bulk surface chemistry),,,GA-CS251
ga_251/CSG049,251/CSG049,251/CSG049,251/CSG049,-1,-1,-32.20003,115.74824,GA,Geoscience Australia,WQ_sed,Sediment grab (Bulk surface chemistry),,,GA-CS251
ga_251/CSG050,251/CSG050,251/CSG050,251/CSG050,-1,-1,-32.19996,115.74382,GA,Geoscience Australia,WQ_sed,Sediment grab (Bulk surface chemistry),,,GA-CS251
ga_251/CSG051,251/CSG051,251/CSG051,251/CSG051,-1,-1,-32.19996,115.73384,GA,Geoscience Australia,WQ_sed,Sediment grab (Bulk surface chemistry),,,GA-CS251
ga_251/CSG052,251/CSG052,251/CSG052,251/CSG052,-1,-1,-32.20009,115.71625,GA,Geoscience Australia,WQ_sed,Sediment grab (Bulk surface chemistry),,,GA-CS251
ga_251/CSG053,251/CSG053,251/CSG053,251/CSG053,-1,-1,-32.20006,115.70539,GA,Geoscience Australia,WQ_sed,Sediment grab (Bulk surface chemistry),,,GA-CS251
ga_251/CSG054,251/CSG054,251/CSG054,251/CSG054,-1,-1,-32.20002,115.69396,GA,Geoscience Australia,WQ_sed,Sediment grab (Bulk surface chemistry),,,GA-CS251
ga_251/CSG055,251/CSG055,251/CSG055,251/CSG055,-1,-1,-32.2001,115.68535,GA,Geoscience Australia,WQ_sed,Sediment grab (Bulk surface chemistry),,,GA-CS251
ga_251/CSG056,251/CSG056,251/CSG056,251/CSG056,-1,-1,-32.20645,115.68754,GA,Geoscience Australia,WQ_sed,Sediment grab (Bulk surface chemistry),,,GA-CS251
ga_251/CSG057,251/CSG057,251/CSG057,251/CSG057,-1,-1,-32.2101,115.69048,GA,Geoscience Australia,WQ_sed,Sediment grab (Bulk surface chemistry),,,GA-CS251
ga_251/CSG058,251/CSG058,251/CSG058,251/CSG058,-1,-1,-32.21257,115.69864,GA,Geoscience Australia,WQ_sed,Sediment grab (Bulk surface chemistry),,,GA-CS251
ga_251/CSG059,251/CSG059,251/CSG059,251/CSG059,-1,-1,-32.21704,115.69813,GA,Geoscience Australia,WQ_sed,Sediment grab (Bulk surface chemistry),,,GA-CS251
ga_251/CSG060,251/CSG060,251/CSG060,251/CSG060,-1,-1,-32.22121,115.70533,GA,Geoscience Australia,WQ_sed,Sediment grab (Bulk surface chemistry),,,GA-CS251
ga_251/CSG061,251/CSG061,251/CSG061,251/CSG061,-1,-1,-32.22233,115.70553,GA,Geoscience Australia,WQ_sed,Sediment grab (Bulk surface chemistry),,,GA-CS251
ga_251/CSG062,251/CSG062,251/CSG062,251/CSG062,-1,-1,-32.22191,115.70669,GA,Geoscience Australia,WQ_sed,Sediment grab (Bulk surface chemistry),,,GA-CS251
ga_251/CSG064,251/CSG064,251/CSG064,251/CSG064,-1,-1,-32.23019,115.71925,GA,Geoscience Australia,WQ_sed,Sediment grab (Bulk surface chemistry),,,GA-CS251
ga_251/CSG065,251/CSG065,251/CSG065,251/CSG065,-1,-1,-32.23462,115.73538,GA,Geoscience Australia,WQ_sed,Sediment grab (Bulk surface chemistry),,,GA-CS251
ga_251/CSG066,251/CSG066,251/CSG066,251/CSG066,-1,-1,-32.22244,115.7293,GA,Geoscience Australia,WQ_sed,Sediment grab (Bulk surface chemistry),,,GA-CS251
ga_251/CSG068,251/CSG068,251/CSG068,251/CSG068,-1,-1,-32.2101,115.71898,GA,Geoscience Australia,WQ_sed,Sediment grab (Bulk surface chemistry),,,GA-CS251
ga_251/CSG069,251/CSG069,251/CSG069,251/CSG069,-1,-1,-32.20755,115.72956,GA,Geoscience Australia,WQ_sed,Sediment grab (Bulk surface chemistry),,,GA-CS251
ga_251/CSG070,251/CSG070,251/CSG070,251/CSG070,-1,-1,-32.184012,115.746704,GA,Geoscience Australia,WQ_sed,Sediment grab (Bulk surface chemistry),,,GA-CS251
ga_251/CSG071,251/CSG071,251/CSG071,251/CSG071,-1,-1,-32.1762,115.75726,GA,Geoscience Australia,WQ_sed,Sediment grab (Bulk surface chemistry),,,GA-CS251
ga_251/CSG072,251/CSG072,251/CSG072,251/CSG072,-1,-1,-32.1705,115.74437,GA,Geoscience Australia,WQ_sed,Sediment grab (Bulk surface chemistry),,,GA-CS251
ga_251/CSG073,251/CSG073,251/CSG073,251/CSG073,-1,-1,-32.16389,115.73475,GA,Geoscience Australia,WQ_sed,Sediment grab (Bulk surface chemistry),,,GA-CS251
ga_251/CSG074,251/CSG074,251/CSG074,251/CSG074,-1,-1,-32.15779,115.74686,GA,Geoscience Australia,WQ_sed,Sediment grab (Bulk surface chemistry),,,GA-CS251
wc_psdp_sed_C6,C6,C6,C6,377417,6442447,-32.148,115.7,WC,Water Corporation,WQ_sed,Sediment grab (Bulk surface chemistry),,,WC PSDP BMT320
wc_psdp_sed_C7,C7,C7,C7,377453,6442234,-32.15,115.701,WC,Water Corporation,WQ_sed,Sediment grab (Bulk surface chemistry),,,WC PSDP BMT320
wc_psdp_sed_C8,C8,C8,C8,377988,6441689,-32.155,115.706,WC,Water Corporation,WQ_sed,Sediment grab (Bulk surface chemistry),,,WC PSDP BMT320
wc_psdp_sed_C9,C9,C9,C9,376972,6441411,-32.157,115.695,WC,Water Corporation,WQ_sed,Sediment grab (Bulk surface chemistry),,,WC PSDP BMT320
wc_psdp_sed_C10,C10,C10,C10,377114,6441823,-32.153,115.697,WC,Water Corporation,WQ_sed,Sediment grab (Bulk surface chemistry),,,WC PSDP BMT320
wc_psdp_sed_C11,C11,C11,C11,376883,6442248,-32.149,115.694,WC,Water Corporation,WQ_sed,Sediment grab (Bulk surface chemistry),,,WC PSDP BMT320
wc_psdp_sed_C12,C12,C12,C12,378239,6441689,-32.155,115.709,WC,Water Corporation,WQ_sed,Sediment grab (Bulk surface chemistry),,,WC PSDP BMT320
wc_psdp_sed_C14,C14,C14,C14,376364,6440201,-32.168,115.689,WC,Water Corporation,WQ_sed,Sediment grab (Bulk surface chemistry),,,WC PSDP BMT320
wc_psdp_sed_C15,C15,C15,C15,377079,6440836,-32.162,115.696,WC,Water Corporation,WQ_sed,Sediment grab (Bulk surface chemistry),,,WC PSDP BMT320
wc_psdp_sed_C16,C16,C16,C16,377659,6441070,-32.16,115.703,WC,Water Corporation,WQ_sed,Sediment grab (Bulk surface chemistry),,,WC PSDP BMT320
wc_psdp_sed_C19,C19,C19,C19,376965,6440370,-32.166,115.695,WC,Water Corporation,WQ_sed,Sediment grab (Bulk surface chemistry),,,WC PSDP BMT320
wc_psdp_sed_C20,C20,C20,C20,376873,6440927,-32.161,115.694,WC,Water Corporation,WQ_sed,Sediment grab (Bulk surface chemistry),,,WC PSDP BMT320
wc_psdp_sed_C30,C30,C30,C30,378832,6437978,-32.188,115.715,WC,Water Corporation,WQ_sed,Sediment grab (Bulk surface chemistry),,,WC PSDP BMT320
wc_psdp_sed_C33,C33,C33,C33,377365,6437962,-32.188,115.699,WC,Water Corporation,WQ_sed,Sediment grab (Bulk surface chemistry),,,WC PSDP BMT320
wc_psdp_sed_C34,C34,C34,C34,378570,6437059,-32.196,115.712,WC,Water Corporation,WQ_sed,Sediment grab (Bulk surface chemistry),,,WC PSDP BMT320
wc_psdp_sed_C36,C36,C36,C36,380489,6437655,-32.191,115.732,WC,Water Corporation,WQ_sed,Sediment grab (Bulk surface chemistry),,,WC PSDP BMT320
wc_psdp_sed_C37,C37,C37,C37,380399,6437497,-32.193,115.731,WC,Water Corporation,WQ_sed,Sediment grab (Bulk surface chemistry),,,WC PSDP BMT320
wc_psdp_sed_C38,C38,C38,C38,380000,6436772,-32.199,115.727,WC,Water Corporation,WQ_sed,Sediment grab (Bulk surface chemistry),,,WC PSDP BMT320
wc_psdp_sed_C39,C39,C39,C39,379590,6437350,-32.194,115.723,WC,Water Corporation,WQ_sed,Sediment grab (Bulk surface chemistry),,,WC PSDP BMT320
wc_psdp_sed_C40,C40,C40,C40,379343,6437811,-32.19,115.72,WC,Water Corporation,WQ_sed,Sediment grab (Bulk surface chemistry),,,WC PSDP BMT320
wc_psdp_sed_C42,C42,C42,C42,380326,6436974,-32.197,115.73,WC,Water Corporation,WQ_sed,Sediment grab (Bulk surface chemistry),,,WC PSDP BMT320
wc_psdp_sed_C43,C43,C43,C43,377551,6436631,-32.2,115.701,WC,Water Corporation,WQ_sed,Sediment grab (Bulk surface chemistry),,,WC PSDP BMT320
wc_psdp_sed_C44,C44,C44,C44,378069,6435235,-32.213,115.706,WC,Water Corporation,WQ_sed,Sediment grab (Bulk surface chemistry),,,WC PSDP BMT320
wc_psdp_sed_C45,C45,C45,C45,379620,6436490,-32.202,115.723,WC,Water Corporation,WQ_sed,Sediment grab (Bulk surface chemistry),,,WC PSDP BMT320
wc_psdp_sed_C46,C46,C46,C46,380355,6436132,-32.205,115.731,WC,Water Corporation,WQ_sed,Sediment grab (Bulk surface chemistry),,,WC PSDP BMT320
wc_psdp_sed_C47,C47,C47,C47,379843,6435915,-32.207,115.725,WC,Water Corporation,WQ_sed,Sediment grab (Bulk surface chemistry),,,WC PSDP BMT320
wc_psdp_sed_C48,C48,C48,C48,379500,6435379,-32.212,115.721,WC,Water Corporation,WQ_sed,Sediment grab (Bulk surface chemistry),,,WC PSDP BMT320
wc_psdp_sed_C49,C49,C49,C49,379438,6435964,-32.206,115.721,WC,Water Corporation,WQ_sed,Sediment grab (Bulk surface chemistry),,,WC PSDP BMT320
wc_psdp_sed_C50,C50,C50,C50,379413,6436351,-32.203,115.721,WC,Water Corporation,WQ_sed,Sediment grab (Bulk surface chemistry),,,WC PSDP BMT320
wc_psdp_sed_C62,C62,C62,C62,380899,6431318,-32.249,115.736,WC,Water Corporation,WQ_sed,Sediment grab (Bulk surface chemistry),,,WC PSDP BMT320
wc_psdp_sed_C63,C63,C63,C63,381614,6431156,-32.25,115.743,WC,Water Corporation,WQ_sed,Sediment grab (Bulk surface chemistry),,,WC PSDP BMT320
wc_psdp_sed_C64,C64,C64,C64,381500,6430777,-32.253,115.742,WC,Water Corporation,WQ_sed,Sediment grab (Bulk surface chemistry),,,WC PSDP BMT320
wc_psdp_sed_C65,C65,C65,C65,380833,6430249,-32.258,115.735,WC,Water Corporation,WQ_sed,Sediment grab (Bulk surface chemistry),,,WC PSDP BMT320
wc_psdp_sed_C66,C66,C66,C66,380769,6430406,-32.257,115.734,WC,Water Corporation,WQ_sed,Sediment grab (Bulk surface chemistry),,,WC PSDP BMT320
wc_psdp_sed_C67,C67,C67,C67,380955,6431018,-32.251,115.736,WC,Water Corporation,WQ_sed,Sediment grab (Bulk surface chemistry),,,WC PSDP BMT320
wc_psdp_sed_C68,C68,C68,C68,380380,6430257,-32.258,115.73,WC,Water Corporation,WQ_sed,Sediment grab (Bulk surface chemistry),,,WC PSDP BMT320
wc_psdp_sed_C69,C69,C69,C69,380408,6429760,-32.263,115.73,WC,Water Corporation,WQ_sed,Sediment grab (Bulk surface chemistry),,,WC PSDP BMT320
wc_psdp_sed_C72,C72,C72,C72,380075,6429245,-32.267,115.727,WC,Water Corporation,WQ_sed,Sediment grab (Bulk surface chemistry),,,WC PSDP BMT320
wc_psdp_sed_C73,C73,C73,C73,380117,6428961,-32.27,115.727,WC,Water Corporation,WQ_sed,Sediment grab (Bulk surface chemistry),,,WC PSDP BMT320
wc_psdp_sed_C75,C75,C75,C75,380431,6428907,-32.27,115.73,WC,Water Corporation,WQ_sed,Sediment grab (Bulk surface chemistry),,,WC PSDP BMT320
wc_psdp_sed_C76,C76,C76,C76,380424,6429480,-32.265,115.73,WC,Water Corporation,WQ_sed,Sediment grab (Bulk surface chemistry),,,WC PSDP BMT320
wc_psdp_sed_C81,C81,C81,C81,376554,6437801,-32.19,115.69,WC,Water Corporation,WQ_sed,Sediment grab (Bulk surface chemistry),,,WC PSDP BMT320
wc_psdp_sed_C82,C82,C82,C82,376789,6436478,-32.202,115.693,WC,Water Corporation,WQ_sed,Sediment grab (Bulk surface chemistry),,,WC PSDP BMT320
wc_psdp_sed_C83,C83,C83,C83,377773,6435991,-32.206,115.703,WC,Water Corporation,WQ_sed,Sediment grab (Bulk surface chemistry),,,WC PSDP BMT320
wc_psdp_sed_C84,C84,C84,C84,377371,6435111,-32.214,115.699,WC,Water Corporation,WQ_sed,Sediment grab (Bulk surface chemistry),,,WC PSDP BMT320
wc_psdp_sed_C85,C85,C85,C85,378868,6435539,-32.21,115.715,WC,Water Corporation,WQ_sed,Sediment grab (Bulk surface chemistry),,,WC PSDP BMT320
wwmsp3_S4S2-DL,S4S2-DL,S4S2-DL,S4S2-DL,-1,-1,-32.10018808,115.7460124,WWMSP3.1,WAMSI Westport Marine Science Program,WQ_sed,Sediment fluxes,,,WWMSP3.1 DL
wwmsp3_OA1-DL,OA1-DL,OA1-DL,OA1-DL,-1,-1,-32.12460368,115.724001,WWMSP3.1,WAMSI Westport Marine Science Program,WQ_sed,Sediment fluxes,,,WWMSP3.1 DL
wwmsp3_JB16A-L,JB16A-L,JB16A-L,JB16A-L,-1,-1,-32.1734277,115.7699761,WWMSP3.1,WAMSI Westport Marine Science Program,WQ_sed,Sediment fluxes,,,WWMSP3.1 DL
wwmsp3_S4S10-L,S4S10-L,S4S10-L,S4S10-L,-1,-1,-32.18494718,115.7570712,WWMSP3.1,WAMSI Westport Marine Science Program,WQ_sed,Sediment fluxes,,,WWMSP3.1 DL
wwmsp3_CSR14-L,CSR14-L,CSR14-L,CSR14-L,-1,-1,-32.19083902,115.7462453,WWMSP3.1,WAMSI Westport Marine Science Program,WQ_sed,Sediment fluxes,,,WWMSP3.1 DL
wwmsp3_CSSF-DL,CSSF-DL,CSSF-DL,CSSF-DL,-1,-1,-32.24814834,115.7114493,WWMSP3.1,WAMSI Westport Marine Science Program,WQ_sed,Sediment fluxes,,,WWMSP3.1 DL
wwmsp3_1530,1530,1530,1530,-1,-1,-32.14457931,115.7653062,WWMSP3.1,WAMSI Westport Marine Science Program,WQ_sed,Sediment grab (Bulk surface chemistry),,,WWMSP3.1 SED
wwmsp3_3000,3000,3000,3000,-1,-1,-32.18058151,115.7146718,WWMSP3.1,WAMSI Westport Marine Science Program,WQ_sed,Sediment grab (Bulk surface chemistry),,,WWMSP3.1 SED
wwmsp3_3210,3210,3210,3210,-1,-1,-32.18775469,115.7729763,WWMSP3.1,WAMSI Westport Marine Science Program,WQ_sed,Sediment grab (Bulk surface chemistry),,,WWMSP3.1 SED
wwmsp3_4000,4000,4000,4000,-1,-1,-32.21641375,115.7229431,WWMSP3.1,WAMSI Westport Marine Science Program,WQ_sed,Sediment grab (Bulk surface chemistry),,,WWMSP3.1 SED
wwmsp3_4010,4010,4010,4010,-1,-1,-32.2199086,115.7522345,WWMSP3.1,WAMSI Westport Marine Science Program,WQ_sed,Sediment grab (Bulk surface chemistry),,,WWMSP3.1 SED
wwmsp3_4500,4500,4500,4500,-1,-1,-32.24007852,115.7449431,WWMSP3.1,WAMSI Westport Marine Science Program,WQ_sed,Sediment grab (Bulk surface chemistry),,,WWMSP3.1 SED
wwmsp3_4800,4800,4800,4800,-1,-1,-32.25224997,115.7307745,WWMSP3.1,WAMSI Westport Marine Science Program,WQ_sed,Sediment grab (Bulk surface chemistry),,,WWMSP3.1 SED
wwmsp3_5020,5020,5020,5020,-1,-1,-32.2709158,115.7070081,WWMSP3.1,WAMSI Westport Marine Science Program,WQ_sed,Sediment grab (Bulk surface chemistry),,,WWMSP3.1 SED
wwmsp3_AJ,AJ,AJ,AJ,-1,-1,-32.12396681,115.7579093,WWMSP3.1,WAMSI Westport Marine Science Program,WQ_sed,Sediment grab (Bulk surface chemistry),,,WWMSP3.1 SED
wwmsp3_C430,C430,C430,C430,-1,-1,-32.23029122,115.6889696,WWMSP3.1,WAMSI Westport Marine Science Program,WQ_sed,Sediment grab (Bulk surface chemistry),,,WWMSP3.1 SED
wwmsp3_G3,G3,G3,G3,-1,-1,-32.15775831,115.6821199,WWMSP3.1,WAMSI Westport Marine Science Program,WQ_sed,Sediment grab (Bulk surface chemistry),,,WWMSP3.1 SED
wwmsp3_JBH,JBH,JBH,JBH,-1,-1,-32.14994643,115.7469327,WWMSP3.1,WAMSI Westport Marine Science Program,WQ_sed,Sediment grab (Bulk surface chemistry),,,WWMSP3.1 SED
wwmsp3_KBJ,KBJ,KBJ,KBJ,-1,-1,-32.24018292,115.7527534,WWMSP3.1,WAMSI Westport Marine Science Program,WQ_sed,Sediment grab (Bulk surface chemistry),,,WWMSP3.1 SED
wwmsp3_OA1,OA1,OA1,OA1,-1,-1,-32.09041449,115.684232,WWMSP3.1,WAMSI Westport Marine Science Program,WQ_sed,Sediment grab (Bulk surface chemistry),,,WWMSP3.1 SED
wwmsp3_OA11,OA11,OA11,OA11,-1,-1,-32.09796702,115.7576997,WWMSP3.1,WAMSI Westport Marine Science Program,WQ_sed,Sediment grab (Bulk surface chemistry),,,WWMSP3.1 SED
wwmsp3_OA2,OA2,OA2,OA2,-1,-1,-32.1079714,115.7081548,WWMSP3.1,WAMSI Westport Marine Science Program,WQ_sed,Sediment grab (Bulk surface chemistry),,,WWMSP3.1 SED
wwmsp3_OA3,OA3,OA3,OA3,-1,-1,-32.13963495,115.6656615,WWMSP3.1,WAMSI Westport Marine Science Program,WQ_sed,Sediment grab (Bulk surface chemistry),,,WWMSP3.1 SED
wwmsp3_OA9,OA9,OA9,OA9,-1,-1,-32.11204615,115.7620771,WWMSP3.1,WAMSI Westport Marine Science Program,WQ_sed,Sediment grab (Bulk surface chemistry),,,WWMSP3.1 SED
wwmsp3_OCB,OCB,OCB,OCB,-1,-1,-32.2323794,115.7016323,WWMSP3.1,WAMSI Westport Marine Science Program,WQ_sed,Sediment grab (Bulk surface chemistry),,,WWMSP3.1 SED
wwmsp3_SH,SH,SH,SH,-1,-1,-32.15774282,115.7627746,WWMSP3.1,WAMSI Westport Marine Science Program,WQ_sed,Sediment grab (Bulk surface chemistry),,,WWMSP3.1 SED
wwmsp3_WS12,WS12,WS12,WS12,-1,-1,-32.31058384,115.7297386,WWMSP3.1,WAMSI Westport Marine Science Program,WQ_sed,Sediment grab (Bulk surface chemistry),,,WWMSP3.1 SED
wwmsp3_WS27,WS27,WS27,WS27,-1,-1,-32.33300273,115.7104928,WWMSP3.1,WAMSI Westport Marine Science Program,WQ_sed,Sediment grab (Bulk surface chemistry),,,WWMSP3.1 SED
wwmsp3_CS_R14,CS_R14,CS_R14,CS_R14,-1,-1,-32.19086712,115.74633,WWMSP3.1,WAMSI Westport Marine Science Program,WQ_sed,Sediment grab (Bulk surface chemistry),,,WWMSP3.1 SG
wwmsp3_S4S10-2022,S4S10-2022,S4S10-2022,S4S10-2022,-1,-1,-32.18489412,115.757136,WWMSP3.1,WAMSI Westport Marine Science Program,WQ_sed,Sediment grab (Bulk surface chemistry),,,WWMSP3.1 SG
wwmsp3_S4S1-2021,S4S1-2021,S4S1-2021,S4S1-2021,-1,-1,-32.10840612,115.745153,WWMSP3.1,WAMSI Westport Marine Science Program,WQ_sed,Sediment grab (Bulk surface chemistry),,,WWMSP3.1 SG
wwmsp3_S4S2-2021,S4S2-2021,S4S2-2021,S4S2-2021,-1,-1,-32.10022112,115.746097,WWMSP3.1,WAMSI Westport Marine Science Program,WQ_sed,Sediment grab (Bulk surface chemistry),,,WWMSP3.1 SG
wwmsp3_S4S3-2021,S4S3-2021,S4S3-2021,S4S3-2021,-1,-1,-32.11573412,115.756207,WWMSP3.1,WAMSI Westport Marine Science Program,WQ_sed,Sediment grab (Bulk surface chemistry),,,WWMSP3.1 SG
wwmsp3_S4S4-2021,S4S4-2021,S4S4-2021,S4S4-2021,-1,-1,-32.17405712,115.739325,WWMSP3.1,WAMSI Westport Marine Science Program,WQ_sed,Sediment grab (Bulk surface chemistry),,,WWMSP3.1 SG
wwmsp3_S4S5-2021,S4S5-2021,S4S5-2021,S4S5-2021,-1,-1,-32.18729513,115.74199,WWMSP3.1,WAMSI Westport Marine Science Program,WQ_sed,Sediment grab (Bulk surface chemistry),,,WWMSP3.1 SG
wwmsp3_S4S7-2022,S4S7-2022,S4S7-2022,S4S7-2022,-1,-1,-32.20064412,115.748175,WWMSP3.1,WAMSI Westport Marine Science Program,WQ_sed,Sediment grab (Bulk surface chemistry),,,WWMSP3.1 SG
wwmsp3_S4S8-2022,S4S8-2022,S4S8-2022,S4S8-2022,-1,-1,-32.20766412,115.749097,WWMSP3.1,WAMSI Westport Marine Science Program,WQ_sed,Sediment grab (Bulk surface chemistry),,,WWMSP3.1 SG
wwmsp3_S4S9-2022,S4S9-2022,S4S9-2022,S4S9-2022,-1,-1,-32.21283612,115.751131,WWMSP3.1,WAMSI Westport Marine Science Program,WQ_sed,Sediment grab (Bulk surface chemistry),,,WWMSP3.1 SG
fpa_sed_BR1,BR1,BR1,BR1,385113,6456750,-32.0195599,115.7834743,FPA,Fremantle Ports Authority,WQ_sed,Sediment grab (Bulk surface chemistry),,,FPA MQMP
fpa_sed_FP1,FP1,FP2,FP3,380746,6452810,-32.0546386,115.7367555,FPA,Fremantle Ports Authority,WQ_sed,Sediment grab (Bulk surface chemistry),,,FPA MQMP
fpa_sed_FP4.1,FP4.1,FP4.1,FP4.1,381540,6453398,-32.049421,115.7452335,FPA,Fremantle Ports Authority,WQ_sed,Sediment grab (Bulk surface chemistry),,,FPA MQMP
fpa_sed_FP4.2,FP4.2,FP4.2,FP4.2,381496,6453369,-32.0496742,115.7447605,FPA,Fremantle Ports Authority,WQ_sed,Sediment grab (Bulk surface chemistry),,,FPA MQMP
fpa_sed_FP7,FP7,FP7,FP7,382214,6454228,-32.0420042,115.7524677,FPA,Fremantle Ports Authority,WQ_sed,Sediment grab (Bulk surface chemistry),,,FPA MQMP
fpa_sed_FP9,FP9,FP9,FP9,381548,6454043,-32.0436055,115.7453998,FPA,Fremantle Ports Authority,WQ_sed,Sediment grab (Bulk surface chemistry),,,FPA MQMP
fpa_sed_RH1,RH1,RH1,RH1,380188,6453167,-32.0513613,115.7308832,FPA,Fremantle Ports Authority,WQ_sed,Sediment grab (Bulk surface chemistry),,,FPA MQMP
fpa_sed_RH2,RH2,RH2,RH2,380386,6453443,-32.0488936,115.7330189,FPA,Fremantle Ports Authority,WQ_sed,Sediment grab (Bulk surface chemistry),,,FPA MQMP
fpa_sed_KBJ1,KBJ1,KBJ1,KBJ1,382778,6432389,-32.2390388,115.7557715,FPA,Fremantle Ports Authority,WQ_sed,Sediment grab (Bulk surface chemistry),,,FPA MQMP
fpa_sed_KBJ2,KBJ2,KBJ2,KBJ2,382702,6432175,-32.2409641,115.7549428,FPA,Fremantle Ports Authority,WQ_sed,Sediment grab (Bulk surface chemistry),,,FPA MQMP
fpa_sed_KBJ3,KBJ3,KBJ3,KBJ3,382660,6431893,-32.243505,115.7544571,FPA,Fremantle Ports Authority,WQ_sed,Sediment grab (Bulk surface chemistry),,,FPA MQMP
fpa_sed_KBT1,KBT1,KBT1,KBT1,383575,6435776,-32.20857,115.76464,FPA,Fremantle Ports Authority,WQ_sed,Sediment grab (Bulk surface chemistry),,,FPA MQMP
fpa_sed_KBT2,KBT2,KBT2,KBT2,383178,6435540,-32.21066,115.7604,FPA,Fremantle Ports Authority,WQ_sed,Sediment grab (Bulk surface chemistry),,,FPA MQMP
fpa_sed_KBT3,KBT3,KBT3,KBT3,383351,6435472,-32.2112917,115.7622312,FPA,Fremantle Ports Authority,WQ_sed,Sediment grab (Bulk surface chemistry),,,FPA MQMP
fpa_sed_RH3_M,RH3_M,RH3_M,RH3_M,380125,6453708,-32.0464747,115.7302814,FPA,Fremantle Ports Authority,WQ_sed,Sediment grab (Bulk surface chemistry),,,FPA MQMP
fpa_sed_FP1,FP1,FP1,FP1,379670,6452482,-32.0574824,115.7253161,FPA,Fremantle Ports Authority,WQ_sed,Sediment grab (Bulk surface chemistry),,,FPA MQMP
fpa_sed_FP10,FP10,FP10,FP10,381627,6453790,-32.0458921,115.7462075,FPA,Fremantle Ports Authority,WQ_sed,Sediment grab (Bulk surface chemistry),,,FPA MQMP
fpa_sed_FP5,FP5,FP5,FP5,381800,6454350,-32.0408598,115.7481017,FPA,Fremantle Ports Authority,WQ_sed,Sediment grab (Bulk surface chemistry),,,FPA MQMP
fpa_sed_FP6,FP6,FP6,FP6,381074,6453337,-32.0499246,115.740292,FPA,Fremantle Ports Authority,WQ_sed,Sediment grab (Bulk surface chemistry),,,FPA MQMP
fpa_sed_FP8,FP8,FP8,FP8,381295,6453738,-32.0463269,115.7426755,FPA,Fremantle Ports Authority,WQ_sed,Sediment grab (Bulk surface chemistry),,,FPA MQMP
fpa_sed_KBTNS,KBTNS,KBTNS,KBTNS,383534,6435374,-32.2121958,115.7641634,FPA,Fremantle Ports Authority,WQ_sed,Sediment grab (Bulk surface chemistry),,,FPA MQMP
fpa_sed_PB1,PB1,PB1,PB1,377572,6445127,-32.1236013,115.7021541,FPA,Fremantle Ports Authority,WQ_sed,Sediment grab (Bulk surface chemistry),,,FPA MQMP
fpa_sed_PB2,PB2,PB2,PB2,377752,6444285,-32.13121,115.7039617,FPA,Fremantle Ports Authority,WQ_sed,Sediment grab (Bulk surface chemistry),,,FPA MQMP
fpa_sed_SB1,SB1,SB1,SB1,376649,6449620,-32.0829759,115.6929513,FPA,Fremantle Ports Authority,WQ_sed,Sediment grab (Bulk surface chemistry),,,FPA MQMP
fpa_sed_SB2,SB2,SB2,SB2,376916,6448258,-32.0952884,115.6956044,FPA,Fremantle Ports Authority,WQ_sed,Sediment grab (Bulk surface chemistry),,,FPA MQMP
fpa_sed_DW1,DW1,DW1,DW1,376678,6458730,-32.0008087,115.6944252,FPA,Fremantle Ports Authority,WQ_sed,Sediment grab (Bulk surface chemistry),,,FPA MQMP
fpa_sed_DW2,DW2,DW2,DW2,376396,6461049,-31.9798619,115.6917342,FPA,Fremantle Ports Authority,WQ_sed,Sediment grab (Bulk surface chemistry),,,FPA MQMP
fpa_sed_DW3,DW3,DW3,DW3,374808,6462572,-31.9659546,115.67513,FPA,Fremantle Ports Authority,WQ_sed,Sediment grab (Bulk surface chemistry),,,FPA MQMP
fpa_sed_GR1,GR1,GR0,GR1,379111,6456234,-32.0235807,115.7198707,FPA,Fremantle Ports Authority,WQ_sed,Sediment grab (Bulk surface chemistry),,,FPA MQMP
fpa_sed_RH1,RH1,RH1,RH1,380666,6454470,-32.0396559,115.7361151,FPA,Fremantle Ports Authority,WQ_sed,Sediment grab (Bulk surface chemistry),,,FPA MQMP
ga_258/SR1,258/SR1,258/SR1,258/SR1,-1,-1,-31.922739,115.942166,GA,Geoscience Australia,WQ_sed,Sediment fluxes,,,GA-CS258
ga_258/SR29,258/SR29,258/SR29,258/SR29,-1,-1,-32.0214,115.9313,GA,Geoscience Australia,WQ_sed,Sediment fluxes,,,GA-CS258
ga_258/SR2,258/SR2,258/SR2,258/SR2,-1,-1,-31.930847,115.934523,GA,Geoscience Australia,WQ_sed,Sediment fluxes,,,GA-CS258
ga_258/SR30,258/SR30,258/SR30,258/SR30,-1,-1,-32.0228,115.9332,GA,Geoscience Australia,WQ_sed,Sediment fluxes,,,GA-CS258
ga_258/SR3,258/SR3,258/SR3,258/SR3,-1,-1,-31.964702,115.868672,GA,Geoscience Australia,WQ_sed,Sediment fluxes,,,GA-CS258
ga_258/SR4,258/SR4,258/SR4,258/SR4,-1,-1,-31.989133,115.849764,GA,Geoscience Australia,WQ_sed,Sediment fluxes,,,GA-CS258
ga_258/SR5,258/SR5,258/SR5,258/SR5,-1,-1,-32.009896,115.811338,GA,Geoscience Australia,WQ_sed,Sediment fluxes,,,GA-CS258
ga_258/SR6,258/SR6,258/SR6,258/SR6,-1,-1,-32.018936,115.819173,GA,Geoscience Australia,WQ_sed,Sediment fluxes,,,GA-CS258
ga_258/SR31,258/SR31,258/SR31,258/SR31,-1,-1,-32.0264,115.9379,GA,Geoscience Australia,WQ_sed,Sediment fluxes,,,GA-CS258
ga_301/SR1,301/SR1,301/SR1,301/SR1,-1,-1,-31.92023333,115.9421667,GA,Geoscience Australia,WQ_sed,Sediment fluxes,,,GA-CS301
ga_301/SR32,301/SR32,301/SR32,301/SR32,-1,-1,-31.89468333,115.9588333,GA,Geoscience Australia,WQ_sed,Sediment fluxes,,,GA-CS301
ga_301/SR33,301/SR33,301/SR33,301/SR33,-1,-1,-31.93223333,115.91515,GA,Geoscience Australia,WQ_sed,Sediment fluxes,,,GA-CS301
ga_301/SR34,301/SR34,301/SR34,301/SR34,-1,-1,-31.98226667,115.8333167,GA,Geoscience Australia,WQ_sed,Sediment fluxes,,,GA-CS301
ga_301/SR5,301/SR5,301/SR5,301/SR5,-1,-1,-32.00988333,115.8113333,GA,Geoscience Australia,WQ_sed,Sediment fluxes,,,GA-CS301
ga_301/SR6,301/SR6,301/SR6,301/SR6,-1,-1,-32.01895,115.8191833,GA,Geoscience Australia,WQ_sed,Sediment fluxes,,,GA-CS301
wsacb1_JV007,JV007,JV007,JV007,-1,-1,-30.3625,115.0042,WSACB1.1,WSACB1.1,WQ_sed,Sediment fluxes,,,WSACB1.1
wsacb1_Favourite,Favourite,Favourite,Favourite,-1,-1,-30.2801,115.0092,WSACB1.1,WSACB1.1,WQ_sed,Sediment fluxes,,,WSACB1.1
wsacb1_Dry Lumps,Dry Lumps,Dry Lumps,Dry Lumps,-1,-1,-30.1188,114.953,WSACB1.1,WSACB1.1,WQ_sed,Sediment fluxes,,,WSACB1.1
wsacb1_South Bay,South Bay,South Bay,South Bay,-1,-1,-30.1035,114.966,WSACB1.1,WSACB1.1,WQ_sed,Sediment fluxes,,,WSACB1.1
wsacb1_Fishermans,Fishermans,Fishermans,Fishermans,-1,-1,-30.138,114.9923,WSACB1.1,WSACB1.1,WQ_sed,Sediment fluxes,,,WSACB1.1
wsacb1_Essex,Essex,Essex,Essex,-1,-1,-30.3489,115.003,WSACB1.1,WSACB1.1,WQ_sed,Sediment fluxes,,,WSACB1.1
wsacb1_Boullanger North,Boullanger North,Boullanger North,Boullanger North,-1,-1,-30.3255,115.0035,WSACB1.1,WSACB1.1,WQ_sed,Sediment fluxes,,,WSACB1.1
wsacb1_Marmion Outfall,Marmion Outfall,Marmion Outfall,Marmion Outfall,-1,-1,-31.7632,115.7112,WSACB1.1,WSACB1.1,WQ_sed,Sediment fluxes,,,WSACB1.1
wsacb1_South Lumps,South Lumps,South Lumps,South Lumps,-1,-1,-31.7935,115.7171,WSACB1.1,WSACB1.1,WQ_sed,Sediment fluxes,,,WSACB1.1
wsacb1_Whitford Rock,Whitford Rock,Whitford Rock,Whitford Rock,-1,-1,-31.7985,115.7189,WSACB1.1,WSACB1.1,WQ_sed,Sediment fluxes,,,WSACB1.1
wsacb1_Wreck Rock,Wreck Rock,Wreck Rock,Wreck Rock,-1,-1,-31.8027,115.7198,WSACB1.1,WSACB1.1,WQ_sed,Sediment fluxes,,,WSACB1.1
wsacb1_Cow Rock,Cow Rock,Cow Rock,Cow Rock,-1,-1,-31.8184,115.7274,WSACB1.1,WSACB1.1,WQ_sed,Sediment fluxes,,,WSACB1.1
wsacb1_MM1,MM1,MM1,MM1,-1,-1,-31.778,115.6977,WSACB1.1,WSACB1.1,WQ_sed,Sediment fluxes,,,WSACB1.1
wsacb1_MM2,MM2,MM2,MM2,-1,-1,-31.7728,115.6902,WSACB1.1,WSACB1.1,WQ_sed,Sediment fluxes,,,WSACB1.1
wsacb1_MM3,MM3,MM3,MM3,-1,-1,-31.8193,115.7096,WSACB1.1,WSACB1.1,WQ_sed,Sediment fluxes,,,WSACB1.1
wsacb1_MM4,MM4,MM4,MM4,-1,-1,-31.8225,115.71,WSACB1.1,WSACB1.1,WQ_sed,Sediment fluxes,,,WSACB1.1
wsacb1_AA,AA,AA,AA,-1,-1,-31.835,115.7131,WSACB1.1,WSACB1.1,WQ_sed,Sediment fluxes,,,WSACB1.1
wsacb1_BB,BB,BB,BB,-1,-1,-31.8278,115.71715,WSACB1.1,WSACB1.1,WQ_sed,Sediment fluxes,,,WSACB1.1
wsacb1_MM_11,MM_11,MM_11,MM_11,-1,-1,-31.8082,115.6814,WSACB1.1,WSACB1.1,WQ_sed,Sediment fluxes,,,WSACB1.1
wsacb1_MOF2,MOF2,MOF2,MOF2,-1,-1,-31.8137,115.6844,WSACB1.1,WSACB1.1,WQ_sed,Sediment fluxes,,,WSACB1.1
wsacb1_M3MRS,M3MRS,M3MRS,M3MRS,-1,-1,-31.83,115.6863,WSACB1.1,WSACB1.1,WQ_sed,Sediment fluxes,,,WSACB1.1
wsacb1_M3MRN,M3MRN,M3MRN,M3MRN,-1,-1,-31.8019,115.6802,WSACB1.1,WSACB1.1,WQ_sed,Sediment fluxes,,,WSACB1.1
wsacb1_City Beach,City Beach,City Beach,City Beach,-1,-1,-31.9405,115.7517,WSACB1.1,WSACB1.1,WQ_sed,Sediment fluxes,,,WSACB1.1
wsacb1_Port Beach,Port Beach,Port Beach,Port Beach,-1,-1,-32.0393,115.7297,WSACB1.1,WSACB1.1,WQ_sed,Sediment fluxes,,,WSACB1.1
wsacb1_Northern Harbour,Northern Harbour,Northern Harbour,Northern Harbour,-1,-1,-32.142,115.7648,WSACB1.1,WSACB1.1,WQ_sed,Sediment fluxes,,,WSACB1.1
wsacb1_Jervoise Bank,Jervoise Bank,Jervoise Bank,Jervoise Bank,-1,-1,-32.1536,115.7508,WSACB1.1,WSACB1.1,WQ_sed,Sediment fluxes,,,WSACB1.1
wsacb1_Cockburn Sound,Cockburn Sound,Cockburn Sound,Cockburn Sound,-1,-1,-32.1378,115.7309,WSACB1.1,WSACB1.1,WQ_sed,Sediment fluxes,,,WSACB1.1
wsacb1_Parmelia Bank,Parmelia Bank,Parmelia Bank,Parmelia Bank,-1,-1,-32.1333,115.7134,WSACB1.1,WSACB1.1,WQ_sed,Sediment fluxes,,,WSACB1.1
wsacb1_Carnac,Carnac,Carnac,Carnac,-1,-1,-32.128,115.6855,WSACB1.1,WSACB1.1,WQ_sed,Sediment fluxes,,,WSACB1.1
wsacb1_Southern Flats,Southern Flats,Southern Flats,Southern Flats,-1,-1,-32.269,115.7145,WSACB1.1,WSACB1.1,WQ_sed,Sediment fluxes,,,WSACB1.1
wsacb1_Blackwall Reach,Blackwall Reach,Blackwall Reach,Blackwall Reach,-1,-1,-32.0212,115.7814,WSACB1.1,WSACB1.1,WQ_sed,Sediment fluxes,,,WSACB1.1
wc_sdool_sed_M1,M1,M1,M1,373476.00,6426780.73,-32.289,115.656,WC,Water Corporation,WQ_sed,Sediment grab (Bulk surface chemistry),,,WC SDOOL BMT345
wc_sdool_sed_M2,M2,M2,M2,373476.71,6426551.79,-32.291,115.656,WC,Water Corporation,WQ_sed,Sediment grab (Bulk surface chemistry),,,WC SDOOL BMT345
wc_sdool_sed_M3,M3,M3,M3,373247.59,6426552.39,-32.291,115.654,WC,Water Corporation,WQ_sed,Sediment grab (Bulk surface chemistry),,,WC SDOOL BMT345
wc_sdool_sed_S1,S1,S1,S1,372916.84,6430209.73,-32.258,115.651,WC,Water Corporation,WQ_sed,Sediment grab (Bulk surface chemistry),,,WC SDOOL BMT345
wc_sdool_sed_S2,S2,S2,S2,374859.05,6428772.37,-32.271,115.671,WC,Water Corporation,WQ_sed,Sediment grab (Bulk surface chemistry),,,WC SDOOL BMT345
wc_sdool_sed_S3,S3,S3,S3,374179.78,6425895.68,-32.297,115.664,WC,Water Corporation,WQ_sed,Sediment grab (Bulk surface chemistry),,,WC SDOOL BMT345
wc_sdool_sed_Ref1,Ref1,Ref0,Ref1,373467.01,6422655.63,-32.326,115.656,WC,Water Corporation,WQ_sed,Sediment grab (Bulk surface chemistry),,,WC SDOOL BMT345
ga_fr_FR01/94,FR01/94,FR01/95,FR01/96,-1,-1,-31.75,115.4001667,GA,Geoscience Australia,WQ_sed,Sediment grab (Bulk surface chemistry),,,GA-FR
ga_ss_GR02,GR02,GR02,GR02,-1,-1,-32.04546667,115.4453167,GA,Geoscience Australia,WQ_sed,Sediment size/type (PSD),,,GA-SS
ga_ss_GR03,GR03,GR03,GR03,-1,-1,-32.04531667,115.4453167,GA,Geoscience Australia,WQ_sed,Sediment size/type (PSD),,,GA-SS
ga_GA334/01GC01,GA334/01GC01,GA334/01GC01,GA334/01GC01,-1,-1,-32.30710833,115.5707117,GA,Geoscience Australia,WQ_sed,Sediment cores,,,GA-334
ga_GA334/01GC02,GA334/01GC02,GA334/01GC02,GA334/01GC02,-1,-1,-32.30711333,115.5707133,GA,Geoscience Australia,WQ_sed,Sediment cores,,,GA-334
ga_GA334/05GC03,GA334/05GC03,GA334/05GC04,GA334/05GC05,-1,-1,-32.29355,115.36103,GA,Geoscience Australia,WQ_sed,Sediment cores,,,GA-334
ga_GA334/09GC04,GA334/09GC04,GA334/09GC05,GA334/09GC06,-1,-1,-32.25613333,115.3613611,GA,Geoscience Australia,WQ_sed,Sediment cores,,,GA-334
ga_GA334/10GC05,GA334/10GC05,GA334/10GC06,GA334/10GC07,-1,-1,-32.24062778,115.3593611,GA,Geoscience Australia,WQ_sed,Sediment cores,,,GA-334
ga_GA334/11GC06,GA334/11GC06,GA334/11GC07,GA334/11GC08,-1,-1,-32.24776389,115.3511722,GA,Geoscience Australia,WQ_sed,Sediment cores,,,GA-334
ga_GA334/17GC8,GA334/17GC8,GA334/17GC9,GA334/17GC10,-1,-1,-32.260825,115.3766222,GA,Geoscience Australia,WQ_sed,Sediment cores,,,GA-334
ga_GA334/18GC9,GA334/18GC9,GA334/18GC10,GA334/18GC11,-1,-1,-32.26031388,115.3785417,GA,Geoscience Australia,WQ_sed,Sediment cores,,,GA-334
ga_GA334/01GR02,GA334/01GR02,GA334/01GR02,GA334/01GR02,-1,-1,-32.30713333,115.57088,GA,Geoscience Australia,WQ_sed,Sediment grab (Bulk surface chemistry),,,GA-334
ga_GA334/03GR06,GA334/03GR06,GA334/03GR06,GA334/03GR06,-1,-1,-32.29081167,115.3735383,GA,Geoscience Australia,WQ_sed,Sediment grab (Bulk surface chemistry),,,GA-334
ga_GA334/04GR07,GA334/04GR07,GA334/04GR07,GA334/04GR07,-1,-1,-32.29806167,115.3643633,GA,Geoscience Australia,WQ_sed,Sediment grab (Bulk surface chemistry),,,GA-334
ga_GA334/04GR08C,GA334/04GR08C,GA334/04GR08C,GA334/04GR08C,-1,-1,-32.298055,115.3643667,GA,Geoscience Australia,WQ_sed,Sediment grab (Bulk surface chemistry),,,GA-334
ga_GA334/05GR09,GA334/05GR09,GA334/05GR09,GA334/05GR09,-1,-1,-32.29353611,115.3610361,GA,Geoscience Australia,WQ_sed,Sediment grab (Bulk surface chemistry),,,GA-334
ga_GA334/06GR11,GA334/06GR11,GA334/06GR11,GA334/06GR11,-1,-1,-32.28773,115.352645,GA,Geoscience Australia,WQ_sed,Sediment grab (Bulk surface chemistry),,,GA-334
ga_GA334/06GR12C,GA334/06GR12C,GA334/06GR12C,GA334/06GR12C,-1,-1,-32.28772833,115.352645,GA,Geoscience Australia,WQ_sed,Sediment grab (Bulk surface chemistry),,,GA-334
ga_GA334/07GR13,GA334/07GR13,GA334/07GR13,GA334/07GR13,-1,-1,-32.28871333,115.3573617,GA,Geoscience Australia,WQ_sed,Sediment grab (Bulk surface chemistry),,,GA-334
ga_GA334/08GR14,GA334/08GR14,GA334/08GR14,GA334/08GR14,-1,-1,-32.28476333,115.3560967,GA,Geoscience Australia,WQ_sed,Sediment grab (Bulk surface chemistry),,,GA-334
ga_GA334/08GR16C,GA334/08GR16C,GA334/08GR16C,GA334/08GR16C,-1,-1,-32.28476945,115.3560833,GA,Geoscience Australia,WQ_sed,Sediment grab (Bulk surface chemistry),,,GA-334
ga_GA334/09GR17C,GA334/09GR17C,GA334/09GR17C,GA334/09GR17C,-1,-1,-32.25614444,115.3613528,GA,Geoscience Australia,WQ_sed,Sediment grab (Bulk surface chemistry),,,GA-334
ga_GA334/09GR19,GA334/09GR19,GA334/09GR19,GA334/09GR19,-1,-1,-32.25614722,115.3613556,GA,Geoscience Australia,WQ_sed,Sediment grab (Bulk surface chemistry),,,GA-334
ga_GA334/10GR20,GA334/10GR20,GA334/10GR20,GA334/10GR20,-1,-1,-32.24061111,115.3589444,GA,Geoscience Australia,WQ_sed,Sediment grab (Bulk surface chemistry),,,GA-334
ga_GA334/15GR35,GA334/15GR35,GA334/15GR35,GA334/15GR35,-1,-1,-32.28033333,115.4079639,GA,Geoscience Australia,WQ_sed,Sediment grab (Bulk surface chemistry),,,GA-334
ga_GA334/16GR36,GA334/16GR36,GA334/16GR36,GA334/16GR36,-1,-1,-32.27667222,115.4241389,GA,Geoscience Australia,WQ_sed,Sediment grab (Bulk surface chemistry),,,GA-334
ga_GA334/17GR37,GA334/17GR37,GA334/17GR37,GA334/17GR37,-1,-1,-32.26073333,115.3768056,GA,Geoscience Australia,WQ_sed,Sediment grab (Bulk surface chemistry),,,GA-334
ga_GA334/17GR57C,GA334/17GR57C,GA334/17GR57C,GA334/17GR57C,-1,-1,-32.26076667,115.3768,GA,Geoscience Australia,WQ_sed,Sediment grab (Bulk surface chemistry),,,GA-334
ga_GA334/18GR38,GA334/18GR38,GA334/18GR38,GA334/18GR38,-1,-1,-32.26030278,115.3783611,GA,Geoscience Australia,WQ_sed,Sediment grab (Bulk surface chemistry),,,GA-334
ga_GA334/19GR40,GA334/19GR40,GA334/19GR40,GA334/19GR40,-1,-1,-32.2149,115.3566417,GA,Geoscience Australia,WQ_sed,Sediment grab (Bulk surface chemistry),,,GA-334
ga_GA334/27GR50C,GA334/27GR50C,GA334/27GR50C,GA334/27GR50C,-1,-1,-32.21831388,115.3539889,GA,Geoscience Australia,WQ_sed,Sediment grab (Bulk surface chemistry),,,GA-334
ga_GA334/27GR51,GA334/27GR51,GA334/27GR51,GA334/27GR51,-1,-1,-32.21831667,115.3539806,GA,Geoscience Australia,WQ_sed,Sediment grab (Bulk surface chemistry),,,GA-334
ga_GA334/30GR59,GA334/30GR59,GA334/30GR59,GA334/30GR59,-1,-1,-31.838775,115.4010283,GA,Geoscience Australia,WQ_sed,Sediment grab (Bulk surface chemistry),,,GA-334
ga_GA334/33GR63C,GA334/33GR63C,GA334/33GR63C,GA334/33GR63C,-1,-1,-31.86342167,115.4319667,GA,Geoscience Australia,WQ_sed,Sediment grab (Bulk surface chemistry),,,GA-334
ga_GA334/33GR64,GA334/33GR64,GA334/33GR64,GA334/33GR64,-1,-1,-31.86341333,115.4319617,GA,Geoscience Australia,WQ_sed,Sediment grab (Bulk surface chemistry),,,GA-334
ga_GA334/36GR67,GA334/36GR67,GA334/36GR67,GA334/36GR67,-1,-1,-31.83726333,115.45783,GA,Geoscience Australia,WQ_sed,Sediment grab (Bulk surface chemistry),,,GA-334
ga_GA334/36GR83C,GA334/36GR83C,GA334/36GR83C,GA334/36GR83C,-1,-1,-31.83751112,115.4578056,GA,Geoscience Australia,WQ_sed,Sediment grab (Bulk surface chemistry),,,GA-334
ga_GA334/37GR73,GA334/37GR73,GA334/37GR73,GA334/37GR73,-1,-1,-31.86220833,115.4610056,GA,Geoscience Australia,WQ_sed,Sediment grab (Bulk surface chemistry),,,GA-334
ga_GA334/39GR80,GA334/39GR80,GA334/39GR80,GA334/39GR80,-1,-1,-31.86268612,115.4522639,GA,Geoscience Australia,WQ_sed,Sediment grab (Bulk surface chemistry),,,GA-334
ga_GA334/39GR81C,GA334/39GR81C,GA334/39GR81C,GA334/39GR81C,-1,-1,-31.86270278,115.4522722,GA,Geoscience Australia,WQ_sed,Sediment grab (Bulk surface chemistry),,,GA-334
ga_GA334/40GR84,GA334/40GR84,GA334/40GR84,GA334/40GR84,-1,-1,-31.83775,115.4737028,GA,Geoscience Australia,WQ_sed,Sediment grab (Bulk surface chemistry),,,GA-334
ga_GA334/43GR86C,GA334/43GR86C,GA334/43GR86C,GA334/43GR86C,-1,-1,-31.873025,115.4143222,GA,Geoscience Australia,WQ_sed,Sediment grab (Bulk surface chemistry),,,GA-334
ga_GA334/43GR87,GA334/43GR87,GA334/43GR87,GA334/43GR87,-1,-1,-31.87303055,115.4142667,GA,Geoscience Australia,WQ_sed,Sediment grab (Bulk surface chemistry),,,GA-334
ga_rot_C169001,C169001,C169001,C169001,-1,-1,-32.05,115.3916667,GA,Geoscience Australia,WQ_sed,Sediment size/type (PSD),,,GA-ROT
ga_rot_C169005,C169005,C169005,C169005,-1,-1,-31.975,115.5333333,GA,Geoscience Australia,WQ_sed,Sediment size/type (PSD),,,GA-ROT
ga_rot_C169007,C169007,C169007,C169007,-1,-1,-31.938333,115.5277778,GA,Geoscience Australia,WQ_sed,Sediment size/type (PSD),,,GA-ROT
ga_rot_C169010,C169010,C169010,C169010,-1,-1,-31.963889,115.3555556,GA,Geoscience Australia,WQ_sed,Sediment size/type (PSD),,,GA-ROT
ga_rot_C170003,C170003,C170003,C170003,-1,-1,-32.20555556,115.4777778,GA,Geoscience Australia,WQ_sed,Sediment size/type (PSD),,,GA-ROT
ga_rot_C170005,C170005,C170005,C170005,-1,-1,-32.21111111,115.3833333,GA,Geoscience Australia,WQ_sed,Sediment size/type (PSD),,,GA-ROT
ga_rot_C170025,C170025,C170025,C170025,-1,-1,-32.27,115.4316667,GA,Geoscience Australia,WQ_sed,Sediment size/type (PSD),,,GA-ROT
ga_rot_C170038,C170038,C170038,C170038,-1,-1,-32.33666667,115.365,GA,Geoscience Australia,WQ_sed,Sediment size/type (PSD),,,GA-ROT
ga_rot_C170046,C170046,C170046,C170046,-1,-1,-32.38333333,115.6316667,GA,Geoscience Australia,WQ_sed,Sediment size/type (PSD),,,GA-ROT
ga_rot_C170047,C170047,C170047,C170047,-1,-1,-32.385,115.615,GA,Geoscience Australia,WQ_sed,Sediment size/type (PSD),,,GA-ROT
ga_rot_C170048,C170048,C170048,C170048,-1,-1,-32.38833333,115.5777778,GA,Geoscience Australia,WQ_sed,Sediment size/type (PSD),,,GA-ROT
ga_rot_C170049,C170049,C170049,C170049,-1,-1,-32.39166667,115.5383333,GA,Geoscience Australia,WQ_sed,Sediment size/type (PSD),,,GA-ROT
ga_rot_C170069,C170069,C170069,C170069,-1,-1,-32.48055556,115.3916667,GA,Geoscience Australia,WQ_sed,Sediment size/type (PSD),,,GA-ROT
ga_rot_C170074,C170074,C170074,C170074,-1,-1,-32.54833333,115.5833333,GA,Geoscience Australia,WQ_sed,Sediment size/type (PSD),,,GA-ROT
ga_rot_C170079,C170079,C170079,C170079,-1,-1,-32.56388889,115.375,GA,Geoscience Australia,WQ_sed,Sediment size/type (PSD),,,GA-ROT
ga_rot_C170095,C170095,C170095,C170095,-1,-1,-32.75,115.5611111,GA,Geoscience Australia,WQ_sed,Sediment size/type (PSD),,,GA-ROT
ga_rot_C170096,C170096,C170096,C170096,-1,-1,-32.75666667,115.4944444,GA,Geoscience Australia,WQ_sed,Sediment size/type (PSD),,,GA-ROT
ga_rot_C170097,C170097,C170097,C170097,-1,-1,-32.76111111,115.4416667,GA,Geoscience Australia,WQ_sed,Sediment size/type (PSD),,,GA-ROT
wp_KS1,KS1,KS1,KS1,-1,-1,-32.2082573,115.7654438,WP,Westport,WQ_sed,Sediment size/type (PSD),,,WP-SED
wp_KS2,KS2,KS2,KS2,-1,-1,-32.19683894,115.7711782,WP,Westport,WQ_sed,Sediment size/type (PSD),,,WP-SED
wp_KS3,KS3,KS3,KS3,-1,-1,-32.225317,115.748385,WP,Westport,WQ_sed,Sediment size/type (PSD),,,WP-SED
wp_KS4,KS4,KS4,KS4,-1,-1,-32.19730513,115.7644036,WP,Westport,WQ_sed,Sediment size/type (PSD),,,WP-SED
wp_KS5,KS5,KS5,KS5,-1,-1,-32.226645,115.754367,WP,Westport,WQ_sed,Sediment size/type (PSD),,,WP-SED
wp_KS6,KS6,KS6,KS6,-1,-1,-32.221229,115.752814,WP,Westport,WQ_sed,Sediment size/type (PSD),,,WP-SED
wp_KS7,KS7,KS7,KS7,-1,-1,-32.20529157,115.7638076,WP,Westport,WQ_sed,Sediment size/type (PSD),,,WP-SED
wp_KS8,KS8,KS8,KS8,-1,-1,-32.19990261,115.7625119,WP,Westport,WQ_sed,Sediment size/type (PSD),,,WP-SED
wp_KS9,KS9,KS9,KS9,-1,-1,-32.21257,115.76225,WP,Westport,WQ_sed,Sediment size/type (PSD),,,WP-SED
wp_KS10,KS10,KS10,KS10,-1,-1,-32.214659,115.761943,WP,Westport,WQ_sed,Sediment size/type (PSD),,,WP-SED
wp_KS11,KS11,KS11,KS11,-1,-1,-32.19055,115.7593595,WP,Westport,WQ_sed,Sediment size/type (PSD),,,WP-SED
wp_KS12,KS12,KS12,KS12,-1,-1,-32.18750445,115.7593595,WP,Westport,WQ_sed,Sediment size/type (PSD),,,WP-SED
wp_KS13,KS13,KS13,KS13,-1,-1,-32.210995,115.757125,WP,Westport,WQ_sed,Sediment size/type (PSD),,,WP-SED
wp_KS14,KS14,KS14,KS14,-1,-1,-32.21851,115.757231,WP,Westport,WQ_sed,Sediment size/type (PSD),,,WP-SED
wp_KS15,KS15,KS15,KS15,-1,-1,-32.217985,115.753301,WP,Westport,WQ_sed,Sediment size/type (PSD),,,WP-SED
wp_KS16,KS16,KS16,KS16,-1,-1,-32.206207,115.747349,WP,Westport,WQ_sed,Sediment size/type (PSD),,,WP-SED
wp_KS17,KS17,KS17,KS17,-1,-1,-32.198096,115.768003,WP,Westport,WQ_sed,Sediment size/type (PSD),,,WP-SED
wp_KS18,KS18,KS18,KS18,-1,-1,-32.19937833,115.7495655,WP,Westport,WQ_sed,Sediment size/type (PSD),,,WP-SED
wp_KS19,KS19,KS19,KS19,-1,-1,-32.213531,115.742771,WP,Westport,WQ_sed,Sediment size/type (PSD),,,WP-SED
wp_KS20,KS20,KS20,KS20,-1,-1,-32.216966,115.745795,WP,Westport,WQ_sed,Sediment size/type (PSD),,,WP-SED
wp_KS21,KS21,KS21,KS21,-1,-1,-32.20222156,115.7690477,WP,Westport,WQ_sed,Sediment size/type (PSD),,,WP-SED
wp_KS22,KS22,KS22,KS22,-1,-1,-32.22260412,115.7441425,WP,Westport,WQ_sed,Sediment size/type (PSD),,,WP-SED
wp_KS23,KS23,KS23,KS23,-1,-1,-32.20237815,115.7564735,WP,Westport,WQ_sed,Sediment size/type (PSD),,,WP-SED
wp_KS24,KS24,KS24,KS24,-1,-1,-32.199801,115.75917,WP,Westport,WQ_sed,Sediment size/type (PSD),,,WP-SED
wp_KS25,KS25,KS25,KS25,-1,-1,-32.19379876,115.7591468,WP,Westport,WQ_sed,Sediment size/type (PSD),,,WP-SED
wp_KS26,KS26,KS26,KS26,-1,-1,-32.19346602,115.7703325,WP,Westport,WQ_sed,Sediment size/type (PSD),,,WP-SED
wp_KS27,KS27,KS27,KS27,-1,-1,-32.205614,115.738723,WP,Westport,WQ_sed,Sediment size/type (PSD),,,WP-SED
wp_KS28,KS28,KS28,KS28,-1,-1,-32.21278,115.75295,WP,Westport,WQ_sed,Sediment size/type (PSD),,,WP-SED
wp_KS29,KS29,KS29,KS29,-1,-1,-32.209147,115.750068,WP,Westport,WQ_sed,Sediment size/type (PSD),,,WP-SED
wp_KS30,KS30,KS30,KS30,-1,-1,-32.199801,115.73995,WP,Westport,WQ_sed,Sediment size/type (PSD),,,WP-SED
wp_C1,C1,C1,C1,-1,-1,-32.097591,115.708522,WP,Westport,WQ_sed,Sediment size/type (PSD),,,WP-SED
wp_C2,C2,C2,C2,-1,-1,-32.074084,115.702765,WP,Westport,WQ_sed,Sediment size/type (PSD),,,WP-SED
wp_C3,C3,C3,C3,-1,-1,-32.129318,115.716608,WP,Westport,WQ_sed,Sediment size/type (PSD),,,WP-SED
wp_C4,C4,C4,C4,-1,-1,-32.134841,115.71458,WP,Westport,WQ_sed,Sediment size/type (PSD),,,WP-SED
wp_C5,C5,C5,C5,-1,-1,-32.085411,115.70655,WP,Westport,WQ_sed,Sediment size/type (PSD),,,WP-SED
wp_C6,C6,C6,C6,-1,-1,-32.079233,115.701584,WP,Westport,WQ_sed,Sediment size/type (PSD),,,WP-SED
wp_C7,C7,C7,C7,-1,-1,-32.093782,115.706427,WP,Westport,WQ_sed,Sediment size/type (PSD),,,WP-SED
wp_C8,C8,C8,C8,-1,-1,-32.125856,115.716519,WP,Westport,WQ_sed,Sediment size/type (PSD),,,WP-SED
wp_C9,C9,C9,C9,-1,-1,-32.089818,115.706969,WP,Westport,WQ_sed,Sediment size/type (PSD),,,WP-SED
wp_C10,C10,C10,C10,-1,-1,-32.120504,115.714174,WP,Westport,WQ_sed,Sediment size/type (PSD),,,WP-SED
wp_KS1,KS1,KS1,KS1,-1,-1,-32.2082573,115.7654438,WP,Westport,WQ_sed,Sedimentation rate,,,WP-SED
wp_KS2,KS2,KS2,KS2,-1,-1,-32.19683894,115.7711782,WP,Westport,WQ_sed,Sedimentation rate,,,WP-SED
wp_KS3,KS3,KS3,KS3,-1,-1,-32.225317,115.748385,WP,Westport,WQ_sed,Sedimentation rate,,,WP-SED
wp_KS4,KS4,KS4,KS4,-1,-1,-32.19730513,115.7644036,WP,Westport,WQ_sed,Sedimentation rate,,,WP-SED
wp_KS5,KS5,KS5,KS5,-1,-1,-32.226645,115.754367,WP,Westport,WQ_sed,Sedimentation rate,,,WP-SED
wp_KS6,KS6,KS6,KS6,-1,-1,-32.221229,115.752814,WP,Westport,WQ_sed,Sedimentation rate,,,WP-SED
wp_KS7,KS7,KS7,KS7,-1,-1,-32.20529157,115.7638076,WP,Westport,WQ_sed,Sedimentation rate,,,WP-SED
wp_KS8,KS8,KS8,KS8,-1,-1,-32.19990261,115.7625119,WP,Westport,WQ_sed,Sedimentation rate,,,WP-SED
wp_KS9,KS9,KS9,KS9,-1,-1,-32.21257,115.76225,WP,Westport,WQ_sed,Sedimentation rate,,,WP-SED
wp_KS10,KS10,KS10,KS10,-1,-1,-32.214659,115.761943,WP,Westport,WQ_sed,Sedimentation rate,,,WP-SED
wp_KS11,KS11,KS11,KS11,-1,-1,-32.19055,115.7593595,WP,Westport,WQ_sed,Sedimentation rate,,,WP-SED
wp_KS12,KS12,KS12,KS12,-1,-1,-32.18750445,115.7593595,WP,Westport,WQ_sed,Sedimentation rate,,,WP-SED
wp_KS13,KS13,KS13,KS13,-1,-1,-32.210995,115.757125,WP,Westport,WQ_sed,Sedimentation rate,,,WP-SED
wp_KS14,KS14,KS14,KS14,-1,-1,-32.21851,115.757231,WP,Westport,WQ_sed,Sedimentation rate,,,WP-SED
wp_KS15,KS15,KS15,KS15,-1,-1,-32.217985,115.753301,WP,Westport,WQ_sed,Sedimentation rate,,,WP-SED
wp_KS16,KS16,KS16,KS16,-1,-1,-32.206207,115.747349,WP,Westport,WQ_sed,Sedimentation rate,,,WP-SED
wp_KS17,KS17,KS17,KS17,-1,-1,-32.198096,115.768003,WP,Westport,WQ_sed,Sedimentation rate,,,WP-SED
wp_KS18,KS18,KS18,KS18,-1,-1,-32.19937833,115.7495655,WP,Westport,WQ_sed,Sedimentation rate,,,WP-SED
wp_KS19,KS19,KS19,KS19,-1,-1,-32.213531,115.742771,WP,Westport,WQ_sed,Sedimentation rate,,,WP-SED
wp_KS20,KS20,KS20,KS20,-1,-1,-32.216966,115.745795,WP,Westport,WQ_sed,Sedimentation rate,,,WP-SED
wp_KS21,KS21,KS21,KS21,-1,-1,-32.20222156,115.7690477,WP,Westport,WQ_sed,Sedimentation rate,,,WP-SED
wp_KS22,KS22,KS22,KS22,-1,-1,-32.22260412,115.7441425,WP,Westport,WQ_sed,Sedimentation rate,,,WP-SED
wp_KS23,KS23,KS23,KS23,-1,-1,-32.20237815,115.7564735,WP,Westport,WQ_sed,Sedimentation rate,,,WP-SED
wp_KS24,KS24,KS24,KS24,-1,-1,-32.199801,115.75917,WP,Westport,WQ_sed,Sedimentation rate,,,WP-SED
wp_KS25,KS25,KS25,KS25,-1,-1,-32.19379876,115.7591468,WP,Westport,WQ_sed,Sedimentation rate,,,WP-SED
wp_KS26,KS26,KS26,KS26,-1,-1,-32.19346602,115.7703325,WP,Westport,WQ_sed,Sedimentation rate,,,WP-SED
wp_KS27,KS27,KS27,KS27,-1,-1,-32.205614,115.738723,WP,Westport,WQ_sed,Sedimentation rate,,,WP-SED
wp_KS28,KS28,KS28,KS28,-1,-1,-32.21278,115.75295,WP,Westport,WQ_sed,Sedimentation rate,,,WP-SED
wp_KS29,KS29,KS29,KS29,-1,-1,-32.209147,115.750068,WP,Westport,WQ_sed,Sedimentation rate,,,WP-SED
wp_KS30,KS30,KS30,KS30,-1,-1,-32.199801,115.73995,WP,Westport,WQ_sed,Sedimentation rate,,,WP-SED
wp_C1,C1,C1,C1,-1,-1,-32.097591,115.708522,WP,Westport,WQ_sed,Sedimentation rate,,,WP-SED
wp_C2,C2,C2,C2,-1,-1,-32.074084,115.702765,WP,Westport,WQ_sed,Sedimentation rate,,,WP-SED
wp_C3,C3,C3,C3,-1,-1,-32.129318,115.716608,WP,Westport,WQ_sed,Sedimentation rate,,,WP-SED
wp_C4,C4,C4,C4,-1,-1,-32.134841,115.71458,WP,Westport,WQ_sed,Sedimentation rate,,,WP-SED
wp_C5,C5,C5,C5,-1,-1,-32.085411,115.70655,WP,Westport,WQ_sed,Sedimentation rate,,,WP-SED
wp_C6,C6,C6,C6,-1,-1,-32.079233,115.701584,WP,Westport,WQ_sed,Sedimentation rate,,,WP-SED
wp_C7,C7,C7,C7,-1,-1,-32.093782,115.706427,WP,Westport,WQ_sed,Sedimentation rate,,,WP-SED
wp_C8,C8,C8,C8,-1,-1,-32.125856,115.716519,WP,Westport,WQ_sed,Sedimentation rate,,,WP-SED
wp_C9,C9,C9,C9,-1,-1,-32.089818,115.706969,WP,Westport,WQ_sed,Sedimentation rate,,,WP-SED
wp_C10,C10,C10,C10,-1,-1,-32.120504,115.714174,WP,Westport,WQ_sed,Sedimentation rate,,,WP-SED
